id;content;created_at;updated_at;status
1;../fake-data/blob/hipster.txt;2025-08-15T05:12:51;2025-08-14T21:15:53;VISIBLE
2;../fake-data/blob/hipster.txt;2025-08-14T23:26:05;2025-08-14T12:54:43;HIDDEN
3;../fake-data/blob/hipster.txt;2025-08-15T04:42:31;2025-08-14T23:47:09;HIDDEN
4;../fake-data/blob/hipster.txt;2025-08-15T09:49:52;2025-08-15T09:06:06;VISIBLE
5;../fake-data/blob/hipster.txt;2025-08-15T10:05:19;2025-08-14T19:04:27;HIDDEN
6;../fake-data/blob/hipster.txt;2025-08-15T04:53:31;2025-08-15T09:01:54;HIDDEN
7;../fake-data/blob/hipster.txt;2025-08-14T22:41:12;2025-08-15T01:59:08;VISIBLE
8;../fake-data/blob/hipster.txt;2025-08-14T21:36:54;2025-08-14T12:14:39;HIDDEN
9;../fake-data/blob/hipster.txt;2025-08-15T06:39:53;2025-08-14T22:54:29;VISIBLE
10;../fake-data/blob/hipster.txt;2025-08-14T11:55:15;2025-08-14T13:13:58;VISIBLE
